{
"extension_index":[
	{
		"repository":"Configure_External_Python35",
		"description":"Configure_External_Python35",
		"pushed_at":"2016-05-16T21:14:16Z",
		"type":"Extension",
		"provider":"IBM",
		"software":"SPSS Statistics",
		"language":"Java",
		"category":"Utility",
		"promotion":"No",
		"download_link":"https://github.com/wujiazhong/Configure_External_Python35/releases/download/1.0.0/Configure_External_Python35.spe",
		"image_link":"https://raw.githubusercontent.com/wujiazhong/Configure_External_Python35/master/default.png",
		"extension_detail_info": {
			"Name":"Configure_External_Python35",
			"Dialog-Specs":"ConfigExternalPython35.spd",
			"Command-Specs":"CONFIGURE_EXTERNAL_PYTHON.xml",
			"Code-Files":"CONFIGURE_EXTERNAL_PYTHON.jar",
			"Summary":"Configure_External_Python35",
			"Description":"Configure_External_Python35",
			"Author":"spss",
			"Version":"1.0.0",
			"Product-Version":"25",
			"Date":"07/28/2016",
			"Product-Version-Maximum":"25"
		}
	}	
]
}